{
  "pearson_r": -0.032431102572919965,
  "pearson_p": 0.698575514790686,
  "spearman_r": -0.04064023807254552,
  "spearman_p": 0.6274363919621595,
  "mae": 1.3172413793103448,
  "rmse": 1.6081688022566922,
  "n_samples": 145
}